change_id,case_id,vendor_id,request_id,requested_at,requested_by,before_account_token,requested_account_token,changed_at,changed_by,change_reason
CHG-2608-001,CASE-2608-001,V26001,REQ-2608-001,2026-08-01 08:30:00,U201,ACCT-2608-001-OLD,ACCT-2608-001-NEW,2026-08-01 10:00:00,U401,거래처 요청에 따른 주거래 계좌 변경
CHG-2608-002,CASE-2608-002,V26002,REQ-2608-002,2026-08-02 08:30:00,U202,ACCT-2608-002-OLD,ACCT-2608-002-NEW,2026-08-02 10:00:00,U401,은행 변경에 따른 지급 계좌 변경
CHG-2608-003,CASE-2608-003,V26003,REQ-2608-003,2026-08-03 08:30:00,U203,ACCT-2608-003-OLD,ACCT-2608-003-NEW,2026-08-03 10:00:00,U401,거래처 요청에 따른 주거래 계좌 변경
CHG-2608-004,CASE-2608-004,V26004,REQ-2608-004,2026-08-04 08:30:00,U201,ACCT-2608-004-OLD,ACCT-2608-004-NEW,2026-08-04 10:00:00,U401,은행 변경에 따른 지급 계좌 변경
CHG-2608-005,CASE-2608-005,V26005,REQ-2608-005,2026-08-05 08:30:00,U202,ACCT-2608-005-OLD,ACCT-2608-005-NEW,2026-08-05 10:00:00,U401,거래처 요청에 따른 주거래 계좌 변경
CHG-2608-006,CASE-2608-006,V26006,REQ-2608-006,2026-08-06 08:30:00,U203,ACCT-2608-006-OLD,ACCT-2608-006-NEW,2026-08-06 10:00:00,U401,은행 변경에 따른 지급 계좌 변경
CHG-2608-007,CASE-2608-007,V26007,REQ-2608-007,2026-08-07 08:30:00,U201,ACCT-2608-007-OLD,ACCT-2608-007-NEW,2026-08-07 10:00:00,U401,거래처 요청에 따른 주거래 계좌 변경
CHG-2608-008,CASE-2608-008,V26008,REQ-2608-008,2026-08-08 08:30:00,U202,ACCT-2608-008-OLD,ACCT-2608-008-NEW,2026-08-08 10:00:00,U401,은행 변경에 따른 지급 계좌 변경
CHG-2608-009,CASE-2608-009,V26009,REQ-2608-009,2026-08-09 08:30:00,U203,ACCT-2608-009-OLD,ACCT-2608-009-NEW,2026-08-09 10:00:00,U401,거래처 요청에 따른 주거래 계좌 변경
CHG-2608-010,CASE-2608-010,V26010,REQ-2608-010,2026-08-10 08:30:00,U201,ACCT-2608-010-OLD,ACCT-2608-010-NEW,2026-08-10 10:00:00,U401,은행 변경에 따른 지급 계좌 변경
CHG-2608-011,CASE-2608-011,V26011,REQ-2608-011,2026-08-11 08:30:00,U202,ACCT-2608-011-OLD,ACCT-2608-011-NEW,2026-08-11 10:00:00,U401,거래처 요청에 따른 주거래 계좌 변경
CHG-2608-012,CASE-2608-012,V26012,REQ-2608-012,2026-08-12 08:30:00,U203,ACCT-2608-012-OLD,ACCT-2608-012-NEW,2026-08-12 10:00:00,U401,은행 변경에 따른 지급 계좌 변경
CHG-2608-013,CASE-2608-013,V26013,REQ-2608-013,2026-08-13 08:30:00,U201,ACCT-2608-013-OLD,ACCT-2608-013-NEW,2026-08-13 10:00:00,U401,거래처 요청에 따른 주거래 계좌 변경
CHG-2608-014,CASE-2608-014,V26014,REQ-2608-014,2026-08-14 08:30:00,U202,ACCT-2608-014-OLD,ACCT-2608-014-NEW,2026-08-14 10:00:00,U401,은행 변경에 따른 지급 계좌 변경
CHG-2608-015,CASE-2608-015,V26015,REQ-2608-015,2026-08-15 08:30:00,U203,ACCT-2608-015-OLD,ACCT-2608-015-NEW,2026-08-15 10:00:00,U401,거래처 요청에 따른 주거래 계좌 변경
CHG-2608-016,CASE-2608-016,V26016,REQ-2608-016,2026-08-16 08:30:00,U201,ACCT-2608-016-OLD,ACCT-2608-016-NEW,2026-08-16 10:00:00,U401,은행 변경에 따른 지급 계좌 변경
CHG-2608-017,CASE-2608-017,V26017,REQ-2608-017,2026-08-17 08:30:00,U202,ACCT-2608-017-OLD,ACCT-2608-017-NEW,2026-08-17 10:00:00,U401,거래처 요청에 따른 주거래 계좌 변경
CHG-2608-018,CASE-2608-018,V26018,REQ-2608-018,2026-08-18 08:30:00,U203,ACCT-2608-018-OLD,ACCT-2608-018-NEW,2026-08-18 10:00:00,U401,은행 변경에 따른 지급 계좌 변경
CHG-2608-019,CASE-2608-019,V26019,REQ-2608-019,2026-08-19 08:30:00,U201,ACCT-2608-019-OLD,ACCT-2608-019-NEW,2026-08-19 10:00:00,U401,거래처 요청에 따른 주거래 계좌 변경
CHG-2608-020,CASE-2608-020,V26020,REQ-2608-020,2026-08-20 08:30:00,U202,ACCT-2608-020-OLD,ACCT-2608-020-NEW,2026-08-20 10:00:00,U401,은행 변경에 따른 지급 계좌 변경
CHG-2608-021,CASE-2608-021,V26021,REQ-2608-021,2026-08-21 08:30:00,U203,ACCT-2608-021-OLD,ACCT-2608-021-NEW,2026-08-21 10:00:00,U401,거래처 요청에 따른 주거래 계좌 변경
CHG-2608-022,CASE-2608-022,V26022,REQ-2608-022,2026-08-22 08:30:00,U201,ACCT-2608-022-OLD,ACCT-2608-022-NEW,2026-08-22 09:30:00,U401,긴급 요청으로 ERP 우선 반영
CHG-2608-023,CASE-2608-023,V26023,REQ-2608-023,2026-08-23 08:30:00,U202,ACCT-2608-023-OLD,ACCT-2608-023-NEW,2026-08-23 10:00:00,U401,승인 기록 누락 사례
CHG-2608-024,CASE-2608-024,V26024,REQ-2608-024,2026-08-24 08:30:00,U201,ACCT-2608-024-OLD,ACCT-2608-024-NEW,2026-08-24 10:00:00,U401,요청자와 승인자 동일 사례
CHG-2608-025,CASE-2608-025,V26025,REQ-2608-025,2026-08-25 08:30:00,U202,ACCT-2608-025-OLD,ACCT-2608-025-NEW,2026-08-25 10:00:00,U401,요청자와 승인자 동일 사례
CHG-2608-026,CASE-2608-026,V26026,REQ-2608-026,2026-08-26 08:30:00,U203,ACCT-2608-026-OLD,ACCT-2608-026-NEW,2026-08-26 10:00:00,U401,승인 계좌와 ERP 계좌 불일치 사례
CHG-2608-027,CASE-2608-027,V26027,REQ-2608-027,2026-08-27 08:30:00,U201,ACCT-2608-027-OLD,ACCT-2608-027-NEW,2026-08-27 10:00:00,U401,승인 계좌와 ERP 계좌 불일치 사례
CHG-2608-028,CASE-2608-028,V26028,REQ-2608-028,2026-08-28 08:30:00,U202,ACCT-2608-028-OLD,ACCT-2608-028-NEW,2026-08-28 10:00:00,U401,ERP 우선 반영과 업무 미분리 사례
CHG-2608-029,CASE-2608-029,V26029,REQ-2608-029,2026-08-29 08:30:00,U203,ACCT-2608-029-OLD,ACCT-2608-029-NEW,2026-08-29 10:00:00,U401,ERP 우선 반영과 계좌 불일치 사례
CHG-2608-030,CASE-2608-030,,REQ-2608-030,2026-08-30 08:30:00,U201,ACCT-2608-030-OLD,ACCT-2608-030-NEW,2026-08-30 25:10:00,U401,필수 식별자와 시각 형식 입력 오류
